JADWAL KEGIATAN DINAS PEMUDA, OLAHRAGA DAN PARIWISATA 
TAHUN 2020
KODE

3.02 . 2.13.01 . 15
3.02 . 2.13.01 . 15 . 05


3.02 . 2.13.01 . 15 . 12
3.02 . 2.13.01 . 15 . 46











2.13 . 2.13.01 . 16
2.13 . 2.13.01 . 16 . 01
2.13 . 2.13.01 . 16 . 10
2.13 . 2.13.01 . 16 . 13
2.13 . 2.13.01 . 16 . 17
2.13 . 2.13.01 . 16 . 19
2.13 . 2.13.01 . 16 . 20
2.13 . 2.13.01 . 16 . 21
2.13 . 2.13.01 . 16 . 22
2.13 . 2.13.01 . 16 . 26
2.13 . 2.13.01 . 20
2.13 . 2.13.01 . 20 . 06
2.13 . 2.13.01 . 20 . 17
2.13 . 2.13.01 . 20 . 21
2.13 . 2.13.01 . 20 . 22
2.13 . 2.13.01 . 20 . 23
2.13 . 2.13.01 . 20 . 26

KODE

2.13 . 2.13.01 . 01
2.13 . 2.13.01 . 01 . 02
2.13 . 2.13.01 . 01 . 07
2.13 . 2.13.01 . 01 . 10
2.13 . 2.13.01 . 01 . 11
2.13 . 2.13.01 . 01 . 13
2.13 . 2.13.01 . 01 . 17
2.13 . 2.13.01 . 01 . 18
2.13 . 2.13.01 . 02
2.13 . 2.13.01 . 02 . 22
2.13 . 2.13.01 . 02 . 24
2.13 . 2.13.01 . 02 . 28
2.13 . 2.13.01 . 07
2.13 . 2.13.01 . 07 . 01
2.13 . 2.13.01 . 07 . 02
2.13 . 2.13.01 . 07 . 03
3.02 . 2.13.01 . 15
3.02 . 2.13.01 . 15 . 05

3.02 . 2.13.01 . 15 . 46


3.02 . 2.13.01 . 15 . 47
3.02 . 2.13.01 . 16
3.02 . 2.13.01 . 16 . 02
3.02 . 2.13.01 . 16 . 06
3.02 . 2.13.01 . 16 . 12

3.02 . 2.13.01 . 16 . 13
2.13 . 2.13.01 . 16
2.13 . 2.13.01 . 16 . 13
2.13 . 2.13.01 . 16 . 21
2.13 . 2.13.01 . 20
2.13 . 2.13.01 . 20 . 06
2.13 . 2.13.01 . 20 . 23
2.13 . 2.13.01 . 20 . 24
2.13 . 2.13.01 . 20 . 26
2.13 . 2.13.01 . 21
2.13 . 2.13.01 . 21 . 02
2.13 . 2.13.01 . 21 . 13
2.13 . 2.13.01 . 21 . 16
2.13 . 2.13.01 . 21 . 17
